{"cameraMode":{"drawMode":0,"name":"Shaded","section":"Shading Mode"},"sceneLighting":true,"audioPlay":false,"sceneViewState":{"showFog":true,"showMaterialUpdate":false,"showSkybox":true,"showFlares":true,"showImageEffects":true,"showParticleSystems":true},"in2DMode":false,"pivot":{"x":3.4392998218536379,"y":2.5498979091644289,"z":-3.135246515274048},"rotation":{"x":-0.18372386693954469,"y":0.4752205014228821,"z":-0.1021888479590416,"w":-0.8543933033943176},"size":5.14523458480835,"orthographic":false}